"target_gene"	"experiment_id"	"cell_line"	"gene_silencing_series"
"AATF"	"ENCSR424YSV"	"HepG2"	"ENCSR634FMS"
"AATF"	"ENCSR973QSV"	"K562"	"ENCSR146UCW"
"ABCF1"	"ENCSR610VTA"	"HepG2"	"ENCSR266ZIC"
"ABCF1"	"ENCSR721MXZ"	"K562"	"ENCSR242RKD"
"ABT1"	"ENCSR756VLW"	"HepG2"	"ENCSR456IPG"
"ABT1"	"ENCSR233UVM"	"K562"	"ENCSR954JGH"
"ACO1"	"ENCSR511SYK"	"HepG2"	"ENCSR339RBD"
"ADAR"	"ENCSR104OLN"	"HepG2"	"ENCSR553SDV"
"ADAR"	"ENCSR164TLB"	"K562"	"ENCSR415ETS"
"AGO1"	"ENCSR533HXS"	"HepG2"	"ENCSR213SDO"
"AGO1"	"ENCSR268JDD"	"K562"	"ENCSR821NVF"
"AGO2"	"ENCSR495YSS"	"K562"	"ENCSR017ZQT"
"AGO3"	"ENCSR207QGW"	"K562"	"ENCSR917NYB"
"AKAP1"	"ENCSR016IDR"	"HepG2"	"ENCSR220SFY"
"AKAP1"	"ENCSR338CON"	"K562"	"ENCSR533CRH"
"APOBEC3C"	"ENCSR012DAF"	"HepG2"	"ENCSR153LWS"
"APOBEC3C"	"ENCSR963RLK"	"K562"	"ENCSR628KJM"
"AQR"	"ENCSR431SXF"	"HepG2"	"ENCSR354MEA"
"AQR"	"ENCSR624OUI"	"K562"	"ENCSR458PUT"
"ATP5C1"	"ENCSR713OLV"	"HepG2"	"ENCSR405FAO"
"ATP5C1"	"ENCSR231DXJ"	"K562"	"ENCSR945FQQ"
"AUH"	"ENCSR409CSO"	"HepG2"	"ENCSR828YUV"
"AUH"	"ENCSR395FYF"	"K562"	"ENCSR805AKV"
"BCCIP"	"ENCSR570CWH"	"HepG2"	"ENCSR459URX"
"BCCIP"	"ENCSR606QIX"	"K562"	"ENCSR566QET"
"BOP1"	"ENCSR925SYZ"	"HepG2"	"ENCSR738DNW"
"BOP1"	"ENCSR775TMW"	"K562"	"ENCSR894YKS"
"BUD13"	"ENCSR382QKD"	"HepG2"	"ENCSR662ZKE"
"BUD13"	"ENCSR267RHP"	"K562"	"ENCSR136SIX"
"CALR"	"ENCSR040WAK"	"HepG2"	"ENCSR300GZP"
"CCAR2"	"ENCSR237IWZ"	"HepG2"	"ENCSR595RGO"
"CCAR2"	"ENCSR984CLJ"	"K562"	"ENCSR158YIO"
"CCDC124"	"ENCSR874ZLI"	"K562"	"ENCSR875BHL"
"CELF1"	"ENCSR695XOD"	"HepG2"	"ENCSR955ACR"
"CELF1"	"ENCSR605MFS"	"K562"	"ENCSR203XSC"
"CELF1"	"ENCSR351CNN"	"K562"	"ENCSR624FPZ"
"CIRBP"	"ENCSR230ORC"	"HepG2"	"ENCSR106SDF"
"CKAP4"	"ENCSR269SJB"	"HepG2"	"ENCSR707MIU"
"CKAP4"	"ENCSR940GIC"	"K562"	"ENCSR912NSR"
"CPEB4"	"ENCSR795VAK"	"K562"	"ENCSR730QGA"
"CPSF6"	"ENCSR676EKU"	"HepG2"	"ENCSR109KPD"
"CPSF6"	"ENCSR384BDV"	"K562"	"ENCSR232HNS"
"CPSF7"	"ENCSR594DNW"	"HepG2"	"ENCSR631XJU"
"CPSF7"	"ENCSR222LRL"	"K562"	"ENCSR664RDU"
"CSTF2"	"ENCSR815JDY"	"HepG2"	"ENCSR769MTC"
"CSTF2"	"ENCSR885YOI"	"K562"	"ENCSR429KKD"
"CSTF2T"	"ENCSR914WQV"	"HepG2"	"ENCSR202YZX"
"CSTF2T"	"ENCSR286OKW"	"K562"	"ENCSR093BFT"
"DAZAP1"	"ENCSR220TBR"	"HepG2"	"ENCSR736EJC"
"DAZAP1"	"ENCSR907UTB"	"K562"	"ENCSR085PFY"
"DDX1"	"ENCSR070LJO"	"HepG2"	"ENCSR357ZAI"
"DDX1"	"ENCSR208GPE"	"K562"	"ENCSR181LUC"
"DDX19B"	"ENCSR312SFA"	"HepG2"	"ENCSR104QWZ"
"DDX19B"	"ENCSR281IUF"	"K562"	"ENCSR240WZF"
"DDX21"	"ENCSR485ZTC"	"HepG2"	"ENCSR899KUM"
"DDX24"	"ENCSR300IEW"	"HepG2"	"ENCSR691YZD"
"DDX24"	"ENCSR067LLB"	"K562"	"ENCSR684FWZ"
"DDX27"	"ENCSR210RWL"	"HepG2"	"ENCSR377KWX"
"DDX27"	"ENCSR584LDM"	"K562"	"ENCSR201NFZ"
"DDX28"	"ENCSR222CSF"	"HepG2"	"ENCSR040HJW"
"DDX28"	"ENCSR205VSQ"	"K562"	"ENCSR683QAI"
"DDX3X"	"ENCSR637JLM"	"HepG2"	"ENCSR279BOZ"
"DDX3X"	"ENCSR000KYM"	"K562"	"ENCSR782XRW"
"DDX47"	"ENCSR388CNS"	"HepG2"	"ENCSR891MRP"
"DDX47"	"ENCSR155EZL"	"K562"	"ENCSR253WFB"
"DDX47"	"ENCSR334HNJ"	"K562"	"ENCSR998CWN"
"DDX5"	"ENCSR808FBR"	"HepG2"	"ENCSR295JYN"
"DDX51"	"ENCSR029LGJ"	"K562"	"ENCSR160QCC"
"DDX52"	"ENCSR913ZWR"	"HepG2"	"ENCSR544DKQ"
"DDX52"	"ENCSR560RSZ"	"K562"	"ENCSR040OWU"
"DDX55"	"ENCSR964YTW"	"HepG2"	"ENCSR145BKW"
"DDX55"	"ENCSR856CJK"	"K562"	"ENCSR782WSH"
"DDX6"	"ENCSR147ZBD"	"HepG2"	"ENCSR983ZKO"
"DHX30"	"ENCSR853PBF"	"HepG2"	"ENCSR769TJS"
"DHX30"	"ENCSR345VVZ"	"K562"	"ENCSR209YSW"
"DKC1"	"ENCSR118KUN"	"HepG2"	"ENCSR502RXV"
"DKC1"	"ENCSR494UDF"	"K562"	"ENCSR329ZWP"
"DNAJC21"	"ENCSR385KOY"	"HepG2"	"ENCSR855FGM"
"DNAJC21"	"ENCSR079LMZ"	"K562"	"ENCSR569UZZ"
"DROSHA"	"ENCSR624XHG"	"K562"	"ENCSR317AOL"
"EEF2"	"ENCSR477TRX"	"HepG2"	"ENCSR471OBZ"
"EEF2"	"ENCSR181RLB"	"K562"	"ENCSR396EPO"
"EFTUD2"	"ENCSR620OKS"	"HepG2"	"ENCSR669NXJ"
"EFTUD2"	"ENCSR117WLY"	"K562"	"ENCSR136YDL"
"EIF2S1"	"ENCSR861ENA"	"HepG2"	"ENCSR566IBA"
"EIF2S1"	"ENCSR546MBH"	"K562"	"ENCSR587XOX"
"EIF2S2"	"ENCSR110HAA"	"HepG2"	"ENCSR547UVP"
"EIF2S2"	"ENCSR076PMZ"	"K562"	"ENCSR487WDI"
"EIF3A"	"ENCSR258VGD"	"K562"	"ENCSR475GEI"
"EIF3D"	"ENCSR788HVK"	"HepG2"	"ENCSR186NTP"
"EIF3D"	"ENCSR660ETT"	"K562"	"ENCSR940GDT"
"EIF3G"	"ENCSR778AJO"	"HepG2"	"ENCSR548LCO"
"EIF3G"	"ENCSR143UET"	"K562"	"ENCSR791UFD"
"EIF4A3"	"ENCSR957EEG"	"HepG2"	"ENCSR263EJV"
"EIF4B"	"ENCSR313CHR"	"HepG2"	"ENCSR113GLI"
"EIF4B"	"ENCSR774BXV"	"K562"	"ENCSR172VUX"
"EIF4G1"	"ENCSR509LIV"	"HepG2"	"ENCSR885LXL"
"EIF4G1"	"ENCSR712CSN"	"K562"	"ENCSR006GDY"
"EIF4G2"	"ENCSR152MON"	"HepG2"	"ENCSR030SUW"
"EIF4G2"	"ENCSR040FSN"	"K562"	"ENCSR051ACD"
"ESF1"	"ENCSR060IWW"	"HepG2"	"ENCSR784YIW"
"ESF1"	"ENCSR077BPR"	"K562"	"ENCSR484XYM"
"ETF1"	"ENCSR840QOH"	"HepG2"	"ENCSR996VFO"
"EWSR1"	"ENCSR532ZPP"	"HepG2"	"ENCSR604BHV"
"EWSR1"	"ENCSR831YGP"	"K562"	"ENCSR911KXX"
"EXOSC9"	"ENCSR597IYB"	"HepG2"	"ENCSR379WHE"
"EXOSC9"	"ENCSR812EIA"	"K562"	"ENCSR117YHI"
"FAM120A"	"ENCSR047VPW"	"HepG2"	"ENCSR602MKX"
"FAM120A"	"ENCSR492BKM"	"K562"	"ENCSR712BXM"
"FASTKD1"	"ENCSR728BOL"	"HepG2"	"ENCSR506CST"
"FASTKD2"	"ENCSR716WZH"	"HepG2"	"ENCSR384FLZ"
"FASTKD2"	"ENCSR608IAI"	"K562"	"ENCSR610SZF"
"FIP1L1"	"ENCSR116QBU"	"HepG2"	"ENCSR563NSV"
"FIP1L1"	"ENCSR511BNY"	"K562"	"ENCSR121BDY"
"FKBP4"	"ENCSR639LKS"	"HepG2"	"ENCSR018EQF"
"FKBP4"	"ENCSR379VXW"	"K562"	"ENCSR355DBE"
"FMR1"	"ENCSR905HID"	"HepG2"	"ENCSR560IJH"
"FMR1"	"ENCSR555LCE"	"K562"	"ENCSR570ERU"
"FUBP1"	"ENCSR736TAW"	"HepG2"	"ENCSR045SMK"
"FUBP1"	"ENCSR608IXR"	"K562"	"ENCSR452GOM"
"FXR1"	"ENCSR009PPI"	"HepG2"	"ENCSR180ZGG"
"FXR1"	"ENCSR780YFF"	"K562"	"ENCSR196OST"
"FXR2"	"ENCSR139BIJ"	"K562"	"ENCSR972GKH"
"G3BP1"	"ENCSR074UZM"	"HepG2"	"ENCSR105ARZ"
"G3BP2"	"ENCSR945UYL"	"HepG2"	"ENCSR605PVH"
"G3BP2"	"ENCSR246SOU"	"K562"	"ENCSR272PIC"
"GEMIN5"	"ENCSR771QMJ"	"HepG2"	"ENCSR560CDR"
"GEMIN5"	"ENCSR398GHW"	"K562"	"ENCSR817ZSP"
"GLRX3"	"ENCSR874DVZ"	"K562"	"ENCSR367SEJ"
"GNB2L1"	"ENCSR116YMU"	"HepG2"	"ENCSR699MDT"
"GPKOW"	"ENCSR968YWY"	"HepG2"	"ENCSR287SRR"
"GPKOW"	"ENCSR967QNT"	"K562"	"ENCSR888VLT"
"GRSF1"	"ENCSR674KDQ"	"HepG2"	"ENCSR373VUD"
"GRSF1"	"ENCSR835RMN"	"K562"	"ENCSR423WRJ"
"HLTF"	"ENCSR010ZMZ"	"HepG2"	"ENCSR575OUX"
"HLTF"	"ENCSR958NDU"	"K562"	"ENCSR230SKS"
"HNRNPA0"	"ENCSR720BPO"	"HepG2"	"ENCSR069UQV"
"HNRNPA0"	"ENCSR552NBS"	"K562"	"ENCSR248OUZ"
"HNRNPA1"	"ENCSR182DAW"	"HepG2"	"ENCSR152VVM"
"HNRNPA1"	"ENCSR048BWH"	"K562"	"ENCSR596JUF"
"HNRNPA2B1"	"ENCSR769GES"	"HepG2"	"ENCSR281SSX"
"HNRNPA2B1"	"ENCSR794NUE"	"K562"	"ENCSR050NGU"
"HNRNPAB"	"ENCSR354XQY"	"HepG2"	"ENCSR418EER"
"HNRNPAB"	"ENCSR778WPL"	"K562"	"ENCSR894MMO"
"HNRNPC"	"ENCSR052IYH"	"HepG2"	"ENCSR308YXN"
"HNRNPC"	"ENCSR470PRV"	"K562"	"ENCSR056YOU"
"HNRNPC"	"ENCSR634KBO"	"K562"	"ENCSR865TSU"
"HNRNPD"	"ENCSR660MZN"	"HepG2"	"ENCSR857JCZ"
"HNRNPF"	"ENCSR392HSJ"	"K562"	"ENCSR839OIY"
"HNRNPL"	"ENCSR155BMF"	"HepG2"	"ENCSR826GBS"
"HNRNPL"	"ENCSR563YIS"	"K562"	"ENCSR369EIU"
"HNRNPLL"	"ENCSR490DYI"	"HepG2"	"ENCSR370RIN"
"HNRNPM"	"ENCSR995JMS"	"HepG2"	"ENCSR223RYC"
"HNRNPM"	"ENCSR746NIM"	"K562"	"ENCSR306PSB"
"HNRNPU"	"ENCSR308IKH"	"HepG2"	"ENCSR304WXJ"
"HNRNPU"	"ENCSR047IUS"	"K562"	"ENCSR409NTU"
"HNRNPU"	"ENCSR732ICL"	"K562"	"ENCSR243LLN"
"HNRNPUL1"	"ENCSR689ZJC"	"HepG2"	"ENCSR925FQW"
"HNRNPUL1"	"ENCSR034VBA"	"K562"	"ENCSR478HBC"
"HSPD1"	"ENCSR243IGA"	"HepG2"	"ENCSR610MSU"
"HSPD1"	"ENCSR222ABK"	"K562"	"ENCSR777FQO"
"IGF2BP2"	"ENCSR478FJK"	"HepG2"	"ENCSR663TDN"
"IGF2BP2"	"ENCSR952RRH"	"K562"	"ENCSR182YTG"
"IGF2BP3"	"ENCSR710NWE"	"HepG2"	"ENCSR362BLN"
"IGF2BP3"	"ENCSR481YXD"	"K562"	"ENCSR676OXO"
"IGF2BP3"	"ENCSR302JQA"	"K562"	"ENCSR397RZP"
"ILF3"	"ENCSR942MBU"	"HepG2"	"ENCSR405LHE"
"ILF3"	"ENCSR269HQA"	"K562"	"ENCSR801WSO"
"KHDRBS1"	"ENCSR784FTX"	"HepG2"	"ENCSR787JDA"
"KHDRBS1"	"ENCSR023HWI"	"K562"	"ENCSR278BRT"
"KHSRP"	"ENCSR850CKU"	"HepG2"	"ENCSR355PLU"
"KHSRP"	"ENCSR561CBC"	"K562"	"ENCSR535RFH"
"KIF1C"	"ENCSR182GKG"	"HepG2"	"ENCSR514ALV"
"KIF1C"	"ENCSR823WTA"	"K562"	"ENCSR183RYM"
"KRR1"	"ENCSR542ESY"	"HepG2"	"ENCSR597NVC"
"KRR1"	"ENCSR244SIO"	"K562"	"ENCSR703HFF"
"LARP4"	"ENCSR744PAQ"	"HepG2"	"ENCSR382SKH"
"LARP4"	"ENCSR866XLI"	"K562"	"ENCSR274YYU"
"LARP7"	"ENCSR624FBY"	"HepG2"	"ENCSR365KBY"
"LARP7"	"ENCSR770OWW"	"K562"	"ENCSR710HIK"
"LIN28B"	"ENCSR927SLP"	"HepG2"	"ENCSR820HTF"
"LIN28B"	"ENCSR598YQX"	"K562"	"ENCSR812TGJ"
"LSM11"	"ENCSR883BXR"	"HepG2"	"ENCSR795XHB"
"LSM11"	"ENCSR762FEO"	"K562"	"ENCSR435QTU"
"MAGOH"	"ENCSR746EKS"	"HepG2"	"ENCSR453OOG"
"MAGOH"	"ENCSR849STR"	"K562"	"ENCSR726JGY"
"MAK16"	"ENCSR517JHY"	"K562"	"ENCSR849CWX"
"MATR3"	"ENCSR492UFS"	"HepG2"	"ENCSR875WKW"
"MATR3"	"ENCSR792XFP"	"K562"	"ENCSR634RWY"
"MBNL1"	"ENCSR222COT"	"K562"	"ENCSR445PCG"
"METAP2"	"ENCSR992JGE"	"HepG2"	"ENCSR593JUF"
"METAP2"	"ENCSR952QDQ"	"K562"	"ENCSR772WSC"
"MSI2"	"ENCSR896MMU"	"HepG2"	"ENCSR198YXM"
"MSI2"	"ENCSR169QQW"	"K562"	"ENCSR849GEE"
"NAA15"	"ENCSR355OQC"	"HepG2"	"ENCSR396BIJ"
"NAA15"	"ENCSR945GUR"	"K562"	"ENCSR458HEM"
"NCBP2"	"ENCSR030ARO"	"HepG2"	"ENCSR087ZNB"
"NCBP2"	"ENCSR361LBE"	"K562"	"ENCSR249VBV"
"NELFE"	"ENCSR939ZRA"	"HepG2"	"ENCSR015WFP"
"NELFE"	"ENCSR201WFU"	"K562"	"ENCSR017RVL"
"NIP7"	"ENCSR696LLZ"	"HepG2"	"ENCSR026YCJ"
"NOL12"	"ENCSR643UFV"	"HepG2"	"ENCSR994ZMV"
"NOL12"	"ENCSR227AVS"	"K562"	"ENCSR485ZZS"
"NONO"	"ENCSR647NYX"	"HepG2"	"ENCSR905WEG"
"NONO"	"ENCSR398HXV"	"K562"	"ENCSR868GYG"
"NSUN2"	"ENCSR629RUG"	"HepG2"	"ENCSR825EXD"
"NSUN2"	"ENCSR829EFL"	"K562"	"ENCSR951PTY"
"NUFIP2"	"ENCSR584JRB"	"HepG2"	"ENCSR804FLV"
"NUFIP2"	"ENCSR754RJA"	"K562"	"ENCSR789PSL"
"NUSAP1"	"ENCSR180XTP"	"HepG2"	"ENCSR222VTT"
"NUSAP1"	"ENCSR927XBT"	"K562"	"ENCSR483BZO"
"PABPC1"	"ENCSR910YNJ"	"HepG2"	"ENCSR494NLK"
"PABPC1"	"ENCSR192GBD"	"K562"	"ENCSR448XEY"
"PABPC4"	"ENCSR455VZH"	"HepG2"	"ENCSR475UTA"
"PABPC4"	"ENCSR047EEG"	"K562"	"ENCSR169IXL"
"PABPN1"	"ENCSR416ZJH"	"K562"	"ENCSR017FFL"
"PCBP1"	"ENCSR635FRH"	"HepG2"	"ENCSR496JBC"
"PCBP1"	"ENCSR545AIK"	"K562"	"ENCSR542DWE"
"PCBP2"	"ENCSR028ITN"	"HepG2"	"ENCSR195CHH"
"PCBP2"	"ENCSR648QFY"	"K562"	"ENCSR947MUV"
"PES1"	"ENCSR496ETJ"	"HepG2"	"ENCSR291UYQ"
"PKM"	"ENCSR656DQV"	"HepG2"	"ENCSR216UHU"
"PKM"	"ENCSR978CSQ"	"K562"	"ENCSR463EDG"
"PNPT1"	"ENCSR880DEH"	"HepG2"	"ENCSR317QGL"
"PNPT1"	"ENCSR191VWK"	"K562"	"ENCSR791AGL"
"PPIG"	"ENCSR620HAA"	"HepG2"	"ENCSR692CHB"
"PPIG"	"ENCSR529MBZ"	"K562"	"ENCSR919QPP"
"PPIL4"	"ENCSR851KEX"	"HepG2"	"ENCSR067NIT"
"PPIL4"	"ENCSR556FNN"	"K562"	"ENCSR431ZHM"
"PPP1R8"	"ENCSR844QNT"	"K562"	"ENCSR383HIT"
"PRPF4"	"ENCSR466NRW"	"HepG2"	"ENCSR360MWJ"
"PRPF4"	"ENCSR363QIA"	"K562"	"ENCSR810PUY"
"PRPF6"	"ENCSR529QEZ"	"HepG2"	"ENCSR196YEP"
"PRPF6"	"ENCSR783LUA"	"K562"	"ENCSR985AIG"
"PRPF8"	"ENCSR998MZP"	"HepG2"	"ENCSR395JNK"
"PSIP1"	"ENCSR744YVR"	"HepG2"	"ENCSR513SYG"
"PSIP1"	"ENCSR611LQB"	"K562"	"ENCSR157QFT"
"PTBP1"	"ENCSR064DXG"	"HepG2"	"ENCSR526EYK"
"PTBP1"	"ENCSR527IVX"	"K562"	"ENCSR445NMP"
"PUF60"	"ENCSR648BSC"	"HepG2"	"ENCSR979YNN"
"PUF60"	"ENCSR558XNA"	"K562"	"ENCSR294TLQ"
"PUM1"	"ENCSR945XKW"	"HepG2"	"ENCSR674VQM"
"PUM1"	"ENCSR745WVZ"	"K562"	"ENCSR449VKZ"
"PUM2"	"ENCSR210DML"	"HepG2"	"ENCSR721OFF"
"PUM2"	"ENCSR118XYK"	"K562"	"ENCSR064PGJ"
"PUS1"	"ENCSR296ERI"	"HepG2"	"ENCSR726PDN"
"PUS1"	"ENCSR618IQH"	"K562"	"ENCSR272DTK"
"QKI"	"ENCSR330YOU"	"HepG2"	"ENCSR010BGO"
"QKI"	"ENCSR256PLH"	"K562"	"ENCSR436LAN"
"RAVER1"	"ENCSR576GOW"	"HepG2"	"ENCSR998CDN"
"RAVER1"	"ENCSR904BCZ"	"K562"	"ENCSR369IHW"
"RBM15"	"ENCSR599PXD"	"HepG2"	"ENCSR000OWF"
"RBM15"	"ENCSR385UPQ"	"K562"	"ENCSR676VUZ"
"RBM22"	"ENCSR330KHN"	"HepG2"	"ENCSR972BSZ"
"RBM22"	"ENCSR947OIM"	"K562"	"ENCSR071HSS"
"RBM25"	"ENCSR610AEI"	"HepG2"	"ENCSR934EHD"
"RBM27"	"ENCSR222SMI"	"HepG2"	"ENCSR603CKC"
"RBM3"	"ENCSR675KPR"	"K562"	"ENCSR651IVJ"
"RBM34"	"ENCSR318HAT"	"HepG2"	"ENCSR070SVE"
"RBM34"	"ENCSR560AYQ"	"K562"	"ENCSR930UCY"
"RBM39"	"ENCSR760EGM"	"HepG2"	"ENCSR730AEK"
"RBM39"	"ENCSR678WOA"	"K562"	"ENCSR785KDC"
"RBM47"	"ENCSR711ZJQ"	"HepG2"	"ENCSR974NRI"
"RCC2"	"ENCSR685JXU"	"HepG2"	"ENCSR754FNO"
"RCC2"	"ENCSR921KDS"	"K562"	"ENCSR100GIZ"
"RPL23A"	"ENCSR706SXN"	"HepG2"	"ENCSR732XCU"
"RPS10"	"ENCSR410UHJ"	"HepG2"	"ENCSR245WSO"
"RPS10"	"ENCSR004RGI"	"K562"	"ENCSR819WUX"
"RPS19"	"ENCSR486AIO"	"HepG2"	"ENCSR424DOB"
"RPS19"	"ENCSR098NHI"	"K562"	"ENCSR602APO"
"RPS2"	"ENCSR667RIA"	"HepG2"	"ENCSR188XBQ"
"RPS3A"	"ENCSR118VQR"	"HepG2"	"ENCSR078ZFS"
"RPS3A"	"ENCSR788YGG"	"K562"	"ENCSR803YTK"
"RPS5"	"ENCSR838SMC"	"HepG2"	"ENCSR643UXI"
"RRP9"	"ENCSR471GIS"	"HepG2"	"ENCSR793FHF"
"RRP9"	"ENCSR210KJB"	"K562"	"ENCSR420UVJ"
"SAFB2"	"ENCSR110ZYD"	"HepG2"	"ENCSR616DAC"
"SAFB2"	"ENCSR770LYW"	"K562"	"ENCSR486SNX"
"SART3"	"ENCSR011BBS"	"HepG2"	"ENCSR812YDZ"
"SART3"	"ENCSR954HAY"	"K562"	"ENCSR396HJG"
"SBDS"	"ENCSR343DHN"	"HepG2"	"ENCSR371FFJ"
"SBDS"	"ENCSR219DXZ"	"K562"	"ENCSR818WLG"
"SERBP1"	"ENCSR820ROH"	"HepG2"	"ENCSR779VTD"
"SERBP1"	"ENCSR925RNE"	"K562"	"ENCSR284WTC"
"SF1"	"ENCSR644AIM"	"HepG2"	"ENCSR711FIY"
"SF1"	"ENCSR628JYB"	"K562"	"ENCSR777JPW"
"SF1"	"ENCSR562CCA"	"K562"	"ENCSR675KZH"
"SF3A3"	"ENCSR374NMJ"	"HepG2"	"ENCSR415VVG"
"SF3A3"	"ENCSR454KYR"	"K562"	"ENCSR692YFS"
"SF3B1"	"ENCSR896CFV"	"HepG2"	"ENCSR144FRZ"
"SF3B4"	"ENCSR148MQK"	"HepG2"	"ENCSR617SJU"
"SF3B4"	"ENCSR081XRA"	"K562"	"ENCSR545JRZ"
"SLBP"	"ENCSR519KXM"	"HepG2"	"ENCSR239VHY"
"SLBP"	"ENCSR112YTD"	"K562"	"ENCSR027WCW"
"SLTM"	"ENCSR185JGT"	"HepG2"	"ENCSR284QBD"
"SLTM"	"ENCSR234YMW"	"K562"	"ENCSR999PXW"
"SMN1"	"ENCSR090UMI"	"HepG2"	"ENCSR351TBB"
"SMN1"	"ENCSR129ROE"	"K562"	"ENCSR598HHA"
"SMNDC1"	"ENCSR995ZGJ"	"HepG2"	"ENCSR383KJZ"
"SMNDC1"	"ENCSR408SDL"	"K562"	"ENCSR791XKC"
"SND1"	"ENCSR398LZW"	"HepG2"	"ENCSR332BHS"
"SND1"	"ENCSR232XRZ"	"K562"	"ENCSR849MTM"
"SNRNP200"	"ENCSR003LSA"	"HepG2"	"ENCSR166KII"
"SNRNP200"	"ENCSR943LIB"	"K562"	"ENCSR565WQW"
"SNRNP70"	"ENCSR635BOO"	"HepG2"	"ENCSR019AYN"
"SRFBP1"	"ENCSR153GKS"	"HepG2"	"ENCSR267PMJ"
"SRFBP1"	"ENCSR813NZP"	"K562"	"ENCSR895YWO"
"SRP68"	"ENCSR167JPY"	"HepG2"	"ENCSR579VHH"
"SRP68"	"ENCSR312SRB"	"K562"	"ENCSR552QKE"
"SRSF1"	"ENCSR094KBY"	"HepG2"	"ENCSR308EYX"
"SRSF1"	"ENCSR066VOO"	"K562"	"ENCSR374CDY"
"SRSF3"	"ENCSR376FGR"	"HepG2"	"ENCSR889URB"
"SRSF5"	"ENCSR781YNI"	"HepG2"	"ENCSR200UMM"
"SRSF9"	"ENCSR597XHH"	"HepG2"	"ENCSR128IPS"
"SSB"	"ENCSR278CHI"	"HepG2"	"ENCSR623QDI"
"SSB"	"ENCSR891AXF"	"K562"	"ENCSR655TZO"
"SSRP1"	"ENCSR422JMS"	"HepG2"	"ENCSR789DBN"
"SSRP1"	"ENCSR902WSK"	"K562"	"ENCSR096NLA"
"STAU1"	"ENCSR124KCF"	"HepG2"	"ENCSR198NSW"
"STAU1"	"ENCSR777EDL"	"K562"	"ENCSR177IMY"
"STIP1"	"ENCSR871BXO"	"HepG2"	"ENCSR491IUN"
"STIP1"	"ENCSR082UWF"	"K562"	"ENCSR575GJA"
"SUCLG1"	"ENCSR810JYX"	"HepG2"	"ENCSR439GMT"
"SUCLG1"	"ENCSR101OPF"	"K562"	"ENCSR341IXU"
"SUGP2"	"ENCSR837QDN"	"HepG2"	"ENCSR016FXK"
"SUGP2"	"ENCSR192BPV"	"K562"	"ENCSR615MJH"
"SUPV3L1"	"ENCSR995RPB"	"HepG2"	"ENCSR283KPR"
"SUPV3L1"	"ENCSR778SIU"	"K562"	"ENCSR835EXX"
"TAF15"	"ENCSR998RZI"	"HepG2"	"ENCSR717HRT"
"TAF15"	"ENCSR611ZAL"	"K562"	"ENCSR262UQP"
"TAF15"	"ENCSR031RZS"	"K562"	"ENCSR490IEW"
"TARDBP"	"ENCSR527QNC"	"HepG2"	"ENCSR627GST"
"TARDBP"	"ENCSR134JRE"	"K562"	"ENCSR630HSM"
"TARDBP"	"ENCSR455TNF"	"K562"	"ENCSR641QAZ"
"TBRG4"	"ENCSR741YCA"	"HepG2"	"ENCSR330RCO"
"TBRG4"	"ENCSR079IPT"	"K562"	"ENCSR645FAT"
"TIA1"	"ENCSR057GCF"	"HepG2"	"ENCSR817LLK"
"TIA1"	"ENCSR694LKY"	"K562"	"ENCSR425NUL"
"TIAL1"	"ENCSR450VQO"	"HepG2"	"ENCSR744QNE"
"TIAL1"	"ENCSR927TSP"	"K562"	"ENCSR101JTW"
"TRA2A"	"ENCSR030GZQ"	"HepG2"	"ENCSR336TUR"
"TRIM56"	"ENCSR309HXK"	"HepG2"	"ENCSR128QHC"
"TRIM56"	"ENCSR300QFQ"	"K562"	"ENCSR912QQL"
"TRIP6"	"ENCSR152IWT"	"K562"	"ENCSR468XCA"
"TROVE2"	"ENCSR946OFN"	"HepG2"	"ENCSR659HFE"
"TROVE2"	"ENCSR060KRD"	"K562"	"ENCSR383KLQ"
"TUFM"	"ENCSR459EMR"	"HepG2"	"ENCSR139HZN"
"TUFM"	"ENCSR602AWR"	"K562"	"ENCSR980RTI"
"U2AF1"	"ENCSR372UWV"	"HepG2"	"ENCSR054NQG"
"U2AF1"	"ENCSR342EDG"	"K562"	"ENCSR171NIH"
"U2AF2"	"ENCSR426UUG"	"HepG2"	"ENCSR914FDC"
"U2AF2"	"ENCSR904CJQ"	"K562"	"ENCSR276OYF"
"UCHL5"	"ENCSR684HTV"	"HepG2"	"ENCSR009SJR"
"UCHL5"	"ENCSR678MVE"	"K562"	"ENCSR759TWA"
"UTP18"	"ENCSR269ZAO"	"HepG2"	"ENCSR692NPV"
"UTP18"	"ENCSR165VBD"	"K562"	"ENCSR398PSO"
"UTP3"	"ENCSR910ECL"	"HepG2"	"ENCSR750ISF"
"UTP3"	"ENCSR473KFO"	"K562"	"ENCSR084HQG"
"WDR3"	"ENCSR902VPO"	"HepG2"	"ENCSR398UWJ"
"WDR3"	"ENCSR334BTA"	"K562"	"ENCSR850PEM"
"WDR43"	"ENCSR341PZW"	"K562"	"ENCSR064IQS"
"XPO1"	"ENCSR438UOT"	"HepG2"	"ENCSR807REK"
"XPO1"	"ENCSR629XTS"	"K562"	"ENCSR587VGW"
"XPO5"	"ENCSR778RWJ"	"HepG2"	"ENCSR879UEK"
"XPO5"	"ENCSR453HKS"	"K562"	"ENCSR562QHN"
"XRN1"	"ENCSR676SDU"	"HepG2"	"ENCSR786TDX"
"XRN1"	"ENCSR949RMX"	"K562"	"ENCSR375PNW"
"YBX3"	"ENCSR494VSD"	"HepG2"	"ENCSR996HAN"
"YBX3"	"ENCSR306EIU"	"K562"	"ENCSR571TRS"
"YTHDC2"	"ENCSR289HOV"	"HepG2"	"ENCSR542FEC"
"YTHDC2"	"ENCSR843LYF"	"K562"	"ENCSR355AGS"
"YWHAG"	"ENCSR204QKA"	"HepG2"	"ENCSR899FMX"
"ZNF622"	"ENCSR518JXY"	"HepG2"	"ENCSR552VEM"
"ZRANB2"	"ENCSR081QQH"	"HepG2"	"ENCSR663OZZ"
"ZRANB2"	"ENCSR850PWM"	"K562"	"ENCSR148OZB"
